{"pitch": [-2.9170793047299584, 11.391254536985757, 207.63098600266045, 46.77559025098999], "energy": [-5.2554030418396, 4.564950466156006, 2.873075246252877, 0.5466898377271655]}